Peter|Schmidt|28|pschmidt0@aboutads.info
Christina|Hart|29|chart1@dropbox.com
Janet|Warren|21|jwarren2@hc360.com
Pamela|Smith|21|psmith3@nps.gov
Victor|Watkins|29|vwatkins4@newsvine.com
Mildred|Larson|20|mlarson5@exblog.jp
Eric|Thompson|28|ethompson6@buzzfeed.com
Phyllis|Vasquez|28|pvasquez7@blogspot.com
Alan|Gutierrez|26|agutierrez8@about.me
Louis|Lopez|22|llopez9@ning.com
Elizabeth|Myers|29|emyersa@bigcartel.com
Emily|Phillips|29|ephillipsb@1688.com
Dorothy|Holmes|24|dholmesc@redcross.org
Shirley|Campbell|21|scampbelld@paypal.com
Pamela|Watson|25|pwatsone@pen.io
Harold|Mills|28|hmillsf@va.gov
Juan|King|22|jkingg@walmart.com
Fred|Gordon|27|fgordonh@chronoengine.com
Douglas|Harris|23|dharrisi@yahoo.co.jp
Ralph|Bennett|24|rbennettj@utexas.edu
Stephen|Romero|20|sromerok@nih.gov
Dorothy|Elliott|26|delliottl@yandex.ru
Terry|Rodriguez|23|trodriguezm@stanford.edu
Louise|Wheeler|27|lwheelern@amazon.de
Steve|Ramos|21|sramoso@barnesandnoble.com
Kelly|Carroll|22|kcarrollp@oakley.com
Kenneth|Henderson|26|khendersonq@liveinternet.ru
Bobby|Snyder|30|bsnyderr@symantec.com
Sandra|Andrews|23|sandrewss@cbc.ca
Julia|Bowman|27|jbowmant@sogou.com
Timothy|Nelson|30|tnelsonu@nydailynews.com
Justin|Brown|24|jbrownv@simplemachines.org
Johnny|Mendoza|29|jmendozaw@mit.edu
Barbara|Dean|20|bdeanx@myspace.com
Diana|Allen|25|dalleny@hubpages.com
Earl|James|23|ejamesz@umich.edu
Roy|King|25|rking10@hatena.ne.jp
Earl|Hall|21|ehall11@jiathis.com
Philip|Carter|30|pcarter12@themeforest.net
Andrea|Fuller|26|afuller13@about.me
Gloria|Bradley|24|gbradley14@yellowbook.com
Matthew|Fox|25|mfox15@google.com.au
Annie|Mitchell|29|amitchell16@si.edu
Kenneth|Cooper|29|kcooper17@studiopress.com
Lori|Fowler|20|lfowler18@businessweek.com
George|Gardner|25|ggardner19@liveinternet.ru
Sara|Fowler|27|sfowler1a@mac.com
Fred|Howard|30|fhoward1b@youtu.be
Alan|Hart|24|ahart1c@1und1.de
Albert|Robertson|20|arobertson1d@japanpost.jp
Patrick|Hayes|28|phayes1e@acquirethisname.com
Tammy|Allen|25|tallen1f@blog.com
Ronald|Berry|20|rberry1g@rakuten.co.jp
Philip|Simpson|23|psimpson1h@privacy.gov.au
Louis|Harrison|21|lharrison1i@nymag.com
Bonnie|Wells|27|bwells1j@geocities.com
Mark|Reed|20|mreed1k@arstechnica.com
Carlos|Mcdonald|25|cmcdonald1l@cbc.ca
Amy|Fowler|22|afowler1m@comsenz.com
Stephanie|Andrews|26|sandrews1n@icio.us
Kathy|Shaw|23|kshaw1o@nytimes.com
William|Harvey|23|wharvey1p@xrea.com
Amy|Arnold|24|aarnold1q@ftc.gov
Anne|Barnes|24|abarnes1r@prnewswire.com
Lillian|Cook|21|lcook1s@devhub.com
Cheryl|Gonzales|22|cgonzales1t@kickstarter.com
Maria|Adams|21|madams1u@telegraph.co.uk
Christine|Simpson|29|csimpson1v@netscape.com
Brian|Parker|23|bparker1w@360.cn
Annie|Day|26|aday1x@joomla.org
Brandon|Bailey|28|bbailey1y@berkeley.edu
Robert|Graham|29|rgraham1z@homestead.com
James|Hunt|24|jhunt20@privacy.gov.au
Stephen|Frazier|25|sfrazier21@feedburner.com
Marie|Burton|24|mburton22@timesonline.co.uk
Kimberly|Cook|26|kcook23@foxnews.com
Gloria|Montgomery|26|gmontgomery24@comcast.net
Lisa|Lane|24|llane25@cpanel.net
Sharon|Willis|28|swillis26@si.edu
Julie|Banks|22|jbanks27@comcast.net
Louis|Fowler|29|lfowler28@exblog.jp
Lawrence|Weaver|27|lweaver29@gizmodo.com
Richard|Turner|25|rturner2a@uol.com.br
Betty|Nelson|25|bnelson2b@redcross.org
Russell|Wilson|28|rwilson2c@walmart.com
Philip|Bradley|28|pbradley2d@elegantthemes.com
Nancy|Bradley|21|nbradley2e@studiopress.com
Terry|Woods|21|twoods2f@phoca.cz
Dennis|Perez|24|dperez2g@dell.com
Lawrence|Larson|28|llarson2h@hatena.ne.jp
Jeremy|Nichols|25|jnichols2i@eventbrite.com
Brian|Hart|20|bhart2j@woothemes.com
Jose|Spencer|20|jspencer2k@newyorker.com
Todd|Dean|23|tdean2l@sitemeter.com
Heather|Harper|27|hharper2m@walmart.com
Theresa|Medina|22|tmedina2n@bing.com
Alan|Adams|22|aadams2o@businessinsider.com
Jerry|Brooks|23|jbrooks2p@usa.gov
Bruce|Day|27|bday2q@ca.gov
Craig|Reid|24|creid2r@telegraph.co.uk
Deborah|Riley|20|driley2s@cpanel.net
Annie|Greene|23|agreene2t@scientificamerican.com
Kathy|Marshall|24|kmarshall2u@vistaprint.com
Joseph|Allen|28|jallen2v@europa.eu
William|Ford|21|wford2w@etsy.com
Shirley|Pierce|22|spierce2x@va.gov
Jimmy|Holmes|25|jholmes2y@umn.edu
Randy|Lynch|27|rlynch2z@youku.com
Bonnie|Myers|27|bmyers30@yelp.com
Julie|Allen|28|jallen31@blogger.com
Gary|Stephens|25|gstephens32@blinklist.com
Jose|Bradley|22|jbradley33@jugem.jp
Ronald|Chapman|23|rchapman34@icio.us
Michael|Barnes|29|mbarnes35@wikipedia.org
Jennifer|Fields|24|jfields36@stanford.edu
Henry|Day|20|hday37@squidoo.com
Jean|Burns|21|jburns38@g.co
Stephen|Hayes|21|shayes39@youtu.be
Melissa|Jones|28|mjones3a@hostgator.com
Sarah|Kim|27|skim3b@networksolutions.com
Kathryn|Reed|24|kreed3c@netscape.com
Juan|Johnston|29|jjohnston3d@scientificamerican.com
Andrew|Rogers|26|arogers3e@ted.com
Ernest|Ford|28|eford3f@microsoft.com
Judith|Daniels|25|jdaniels3g@theatlantic.com
Philip|Clark|26|pclark3h@google.co.uk
Jerry|Rogers|20|jrogers3i@chronoengine.com
Amy|Stone|27|astone3j@wired.com
Timothy|Perry|21|tperry3k@usnews.com
Judith|Ellis|23|jellis3l@purevolume.com
Martha|Scott|27|mscott3m@canalblog.com
Elizabeth|Jenkins|20|ejenkins3n@mail.ru
Steve|Fuller|25|sfuller3o@google.cn
Marilyn|Castillo|21|mcastillo3p@behance.net
Kelly|Grant|29|kgrant3q@sakura.ne.jp
Diana|Weaver|23|dweaver3r@hatena.ne.jp
Tina|Rogers|26|trogers3s@spotify.com
Kimberly|Marshall|29|kmarshall3t@flickr.com
Joan|Harris|25|jharris3u@prweb.com
Lori|Gonzalez|25|lgonzalez3v@dailymail.co.uk
Teresa|Hamilton|22|thamilton3w@elegantthemes.com
Clarence|Bennett|21|cbennett3x@posterous.com
Cynthia|Gray|21|cgray3y@theguardian.com
Johnny|Cooper|26|jcooper3z@cisco.com
Annie|Hall|28|ahall40@hexun.com
Jack|Mitchell|21|jmitchell41@businessweek.com
Jennifer|Smith|20|jsmith42@istockphoto.com
Ronald|Reid|23|rreid43@live.com
Robert|Willis|23|rwillis44@mlb.com
Helen|Boyd|25|hboyd45@ezinearticles.com
Julie|Wood|23|jwood46@mail.ru
Steven|Baker|30|sbaker47@photobucket.com
Melissa|Harris|25|mharris48@trellian.com
Tammy|Rivera|25|trivera49@eventbrite.com
Arthur|Watson|26|awatson4a@odnoklassniki.ru
Michael|Ellis|28|mellis4b@msu.edu
Brenda|Simmons|29|bsimmons4c@altervista.org
Larry|Fox|24|lfox4d@ca.gov
Phyllis|Ellis|25|pellis4e@histats.com
Scott|Brown|30|sbrown4f@marketwatch.com
Keith|Hayes|27|khayes4g@blogspot.com
Christina|Fowler|20|cfowler4h@reddit.com
Linda|Roberts|24|lroberts4i@cnbc.com
David|West|27|dwest4j@wikimedia.org
Ernest|Sullivan|21|esullivan4k@abc.net.au
Dorothy|Jenkins|27|djenkins4l@deviantart.com
Jason|Webb|27|jwebb4m@hibu.com
Nicholas|Freeman|27|nfreeman4n@google.ru
Amy|Moreno|30|amoreno4o@networkadvertising.org
Raymond|Rose|27|rrose4p@wordpress.com
Dorothy|Larson|23|dlarson4q@seattletimes.com
Anna|Ramirez|24|aramirez4r@spotify.com
Antonio|Murphy|28|amurphy4s@apple.com
Sean|Arnold|27|sarnold4t@liveinternet.ru
Jane|Boyd|26|jboyd4u@storify.com
Margaret|Harris|26|mharris4v@etsy.com
Ronald|Morales|29|rmorales4w@unesco.org
Kenneth|Dixon|21|kdixon4x@furl.net
Todd|Hunter|28|thunter4y@tripadvisor.com
Stephen|Simpson|21|ssimpson4z@miibeian.gov.cn
Betty|Sanchez|28|bsanchez50@yolasite.com
Howard|Peterson|22|hpeterson51@artisteer.com
Edward|Flores|24|eflores52@craigslist.org
Lisa|Powell|25|lpowell53@answers.com
Andrea|Richards|21|arichards54@plala.or.jp
Steve|Kelley|25|skelley55@angelfire.com
Jeffrey|Henderson|21|jhenderson56@oracle.com
Jerry|Gonzales|23|jgonzales57@bluehost.com
Kevin|Hill|20|khill58@guardian.co.uk
Stephen|Hayes|20|shayes59@amazon.co.uk
Lisa|Rodriguez|24|lrodriguez5a@unesco.org
Joan|Freeman|24|jfreeman5b@mashable.com
Amanda|Reyes|24|areyes5c@biblegateway.com
Ruby|Robinson|23|rrobinson5d@webmd.com
Frank|Brooks|24|fbrooks5e@hubpages.com
Keith|Alvarez|20|kalvarez5f@elpais.com
Arthur|King|22|aking5g@msn.com
Gary|Stanley|23|gstanley5h@prnewswire.com
Brandon|Porter|28|bporter5i@fotki.com
Walter|Ferguson|24|wferguson5j@163.com
Eugene|Carr|22|ecarr5k@drupal.org
Justin|Martinez|30|jmartinez5l@marriott.com
Virginia|Parker|21|vparker5m@msn.com
Rachel|Montgomery|24|rmontgomery5n@over-blog.com
Nicholas|Coleman|22|ncoleman5o@constantcontact.com
Sean|Gardner|26|sgardner5p@nsw.gov.au
Susan|Stephens|26|sstephens5q@sina.com.cn
Frank|Warren|24|fwarren5r@wp.com
Margaret|Harper|26|mharper5s@freewebs.com
Lillian|Reed|22|lreed5t@nasa.gov
Kelly|Davis|20|kdavis5u@shop-pro.jp
Steven|Mendoza|30|smendoza5v@wordpress.org
Daniel|Andrews|22|dandrews5w@homestead.com
Eugene|Flores|30|eflores5x@abc.net.au
Jerry|Lopez|20|jlopez5y@studiopress.com
Christine|Gordon|20|cgordon5z@wikimedia.org
Janice|Cooper|24|jcooper60@pinterest.com
Nicole|Adams|23|nadams61@naver.com
Jason|Graham|20|jgraham62@tamu.edu
Philip|Rose|27|prose63@lulu.com
Jonathan|Bryant|25|jbryant64@msn.com
Marilyn|Little|21|mlittle65@phpbb.com
Nicole|Garrett|30|ngarrett66@loc.gov
Diane|Gonzales|27|dgonzales67@yahoo.co.jp
William|Dixon|26|wdixon68@apple.com
Helen|Thompson|24|hthompson69@japanpost.jp
Irene|Sanders|23|isanders6a@networkadvertising.org
Jacqueline|Brooks|22|jbrooks6b@weebly.com
Tina|Butler|21|tbutler6c@prweb.com
Ernest|Miller|26|emiller6d@sourceforge.net
Russell|Reyes|23|rreyes6e@shareasale.com
Bonnie|Diaz|27|bdiaz6f@europa.eu
Kathy|Brooks|20|kbrooks6g@fotki.com
Phyllis|Adams|24|padams6h@zdnet.com
Harry|Flores|20|hflores6i@timesonline.co.uk
Alice|Hudson|24|ahudson6j@sciencedaily.com
Lois|Barnes|21|lbarnes6k@google.nl
Jason|Ward|25|jward6l@xinhuanet.com
Janice|Hanson|27|jhanson6m@parallels.com
Judith|Edwards|28|jedwards6n@t.co
Jennifer|Turner|28|jturner6o@army.mil
Daniel|Hamilton|23|dhamilton6p@dagondesign.com
Denise|Ortiz|25|dortiz6q@fastcompany.com
Kevin|Reynolds|27|kreynolds6r@forbes.com
Judy|Montgomery|24|jmontgomery6s@narod.ru
Randy|Walker|29|rwalker6t@angelfire.com
Jeremy|Cole|22|jcole6u@eventbrite.com
Doris|Shaw|23|dshaw6v@twitpic.com
Brian|Fuller|29|bfuller6w@amazonaws.com
Jose|Wells|25|jwells6x@reddit.com
Marilyn|Knight|20|mknight6y@cam.ac.uk
Jason|Ray|22|jray6z@seesaa.net
Terry|Warren|30|twarren70@nsw.gov.au
Marilyn|Gordon|28|mgordon71@disqus.com
Jennifer|Reed|27|jreed72@storify.com
Rose|White|20|rwhite73@nature.com
Joe|Bailey|24|jbailey74@answers.com
Steve|Meyer|29|smeyer75@yelp.com
Anne|Freeman|23|afreeman76@cloudflare.com
Evelyn|Edwards|21|eedwards77@imdb.com
Amanda|Black|26|ablack78@posterous.com
Clarence|Palmer|28|cpalmer79@google.cn
Rose|Garza|26|rgarza7a@alibaba.com
Harold|Gray|22|hgray7b@thetimes.co.uk
Brian|Welch|24|bwelch7c@engadget.com
Robert|Ford|30|rford7d@prweb.com
Lawrence|Wilson|21|lwilson7e@umn.edu
Jeffrey|Murray|25|jmurray7f@hibu.com
Jean|Harris|30|jharris7g@oracle.com
Debra|Foster|22|dfoster7h@studiopress.com
Gloria|Ryan|21|gryan7i@twitter.com
Jimmy|Reynolds|20|jreynolds7j@boston.com
Kevin|Black|29|kblack7k@gmpg.org
Terry|Fowler|25|tfowler7l@sphinn.com
Gerald|Jordan|30|gjordan7m@reuters.com
Shawn|Alexander|27|salexander7n@joomla.org
Michael|Cunningham|27|mcunningham7o@statcounter.com
Carolyn|Ford|27|cford7p@google.co.uk
Eric|Gutierrez|30|egutierrez7q@smh.com.au
Diana|Harper|26|dharper7r@toplist.cz
Daniel|Kennedy|27|dkennedy7s@auda.org.au
Jeremy|Fernandez|23|jfernandez7t@mlb.com
Chris|Murray|29|cmurray7u@scientificamerican.com
Patrick|Scott|26|pscott7v@tamu.edu
Samuel|Richards|25|srichards7w@flavors.me
Roy|Garza|28|rgarza7x@goo.ne.jp
Patricia|Wallace|29|pwallace7y@amazon.co.jp
Jesse|Pierce|24|jpierce7z@amazon.co.uk
Marie|Willis|23|mwillis80@abc.net.au
Joe|Lynch|29|jlynch81@hibu.com
Ashley|Snyder|30|asnyder82@illinois.edu
Craig|Wright|29|cwright83@php.net
Louis|Castillo|29|lcastillo84@mail.ru
Arthur|Young|30|ayoung85@boston.com
Linda|Greene|24|lgreene86@wp.com
Ernest|Wagner|20|ewagner87@nytimes.com
David|Rivera|24|drivera88@yellowpages.com
John|Carpenter|22|jcarpenter89@mediafire.com
Anna|Foster|20|afoster8a@ucoz.ru
Carlos|Sullivan|27|csullivan8b@sohu.com
Larry|Johnson|25|ljohnson8c@123-reg.co.uk
Willie|Sanders|29|wsanders8d@fc2.com
Joseph|Rodriguez|25|jrodriguez8e@si.edu
Steve|Davis|22|sdavis8f@phoca.cz
Jacqueline|Henderson|22|jhenderson8g@examiner.com
Jeffrey|Kim|22|jkim8h@java.com
Jane|Oliver|24|joliver8i@bizjournals.com
Mark|Moore|25|mmoore8j@forbes.com
Amanda|Matthews|20|amatthews8k@apache.org
Russell|Gomez|21|rgomez8l@home.pl
Howard|Turner|21|hturner8m@twitter.com
Martin|Mcdonald|29|mmcdonald8n@phoca.cz
Angela|Dixon|26|adixon8o@technorati.com
Gregory|Lewis|26|glewis8p@wix.com
Beverly|Payne|21|bpayne8q@admin.ch
Karen|Green|30|kgreen8r@posterous.com
Harold|Willis|23|hwillis8s@zimbio.com
Denise|Hernandez|24|dhernandez8t@hud.gov
Andrea|Watkins|30|awatkins8u@java.com
Roger|Warren|25|rwarren8v@yale.edu
Katherine|Harris|29|kharris8w@360.cn
Tina|Hunter|22|thunter8x@purevolume.com
David|Fox|25|dfox8y@mayoclinic.com
Brian|Wagner|24|bwagner8z@forbes.com
Theresa|Harvey|25|tharvey90@edublogs.org
Paul|Mason|29|pmason91@chron.com
Laura|Gomez|24|lgomez92@nature.com
Bobby|Austin|29|baustin93@squidoo.com
Brian|Weaver|22|bweaver94@nytimes.com
Samuel|Long|21|slong95@comsenz.com
Kathy|King|29|kking96@stumbleupon.com
Christina|Chavez|27|cchavez97@wikispaces.com
Kathleen|Riley|21|kriley98@time.com
Barbara|Hanson|24|bhanson99@comcast.net
Wanda|Peters|29|wpeters9a@addtoany.com
William|Rose|28|wrose9b@opera.com
Donna|Day|29|dday9c@bigcartel.com
Marilyn|Jones|21|mjones9d@reference.com
Antonio|Gardner|22|agardner9e@newyorker.com
Kathleen|Stone|25|kstone9f@goo.ne.jp
John|Gordon|25|jgordon9g@symantec.com
Aaron|Lawrence|27|alawrence9h@arstechnica.com
Brian|Russell|22|brussell9i@opensource.org
Alice|Powell|25|apowell9j@accuweather.com
Lillian|Rogers|21|lrogers9k@sitemeter.com
Betty|Alexander|25|balexander9l@bloomberg.com
Elizabeth|Dean|20|edean9m@youtube.com
Johnny|Wallace|28|jwallace9n@si.edu
Joyce|Burns|24|jburns9o@flavors.me
Margaret|Oliver|27|moliver9p@vistaprint.com
Lori|Wright|28|lwright9q@devhub.com
Jimmy|Simmons|20|jsimmons9r@epa.gov
Keith|Mason|30|kmason9s@nih.gov
Gregory|Perez|23|gperez9t@biglobe.ne.jp
Matthew|Grant|21|mgrant9u@sfgate.com
Ann|Garza|28|agarza9v@latimes.com
Dennis|Hall|21|dhall9w@google.com
Judith|Hudson|27|jhudson9x@cpanel.net
Jeffrey|Bennett|28|jbennett9y@scribd.com
Evelyn|Stanley|23|estanley9z@vinaora.com
Willie|Young|23|wyounga0@columbia.edu
Carl|Carroll|20|ccarrolla1@nasa.gov
Judy|Webb|26|jwebba2@blogtalkradio.com
Helen|Howell|26|hhowella3@deviantart.com
Keith|Graham|22|kgrahama4@wired.com
Evelyn|Jenkins|24|ejenkinsa5@addthis.com
Ruby|Holmes|25|rholmesa6@cnn.com
Michelle|Gomez|26|mgomeza7@cnet.com
James|Harrison|24|jharrisona8@de.vu
Julia|Hamilton|20|jhamiltona9@utexas.edu
Joe|Smith|24|jsmithaa@tripod.com
Shawn|Reyes|24|sreyesab@yandex.ru
Anna|Lee|29|aleeac@omniture.com
Terry|Fernandez|26|tfernandezad@rediff.com
Adam|Stevens|23|astevensae@prweb.com
Carol|Hansen|22|chansenaf@so-net.ne.jp
Anthony|Grant|21|agrantag@qq.com
Judith|Williamson|23|jwilliamsonah@pbs.org
Todd|Green|22|tgreenai@nsw.gov.au
Eugene|Gonzales|28|egonzalesaj@jiathis.com
Elizabeth|Gibson|27|egibsonak@shop-pro.jp
Kelly|Howard|28|khowardal@shutterfly.com
Louis|Harrison|26|lharrisonam@samsung.com
Michael|Ford|23|mfordan@princeton.edu
Ryan|Morales|23|rmoralesao@sphinn.com
Shirley|Banks|21|sbanksap@paypal.com
Lillian|Cunningham|28|lcunninghamaq@alexa.com
David|Johnston|20|djohnstonar@marriott.com
Jennifer|Palmer|24|jpalmeras@cyberchimps.com
Ernest|Mitchell|30|emitchellat@aboutads.info
Samuel|Ramos|22|sramosau@bloglovin.com
Larry|Griffin|29|lgriffinav@wordpress.org
Debra|Greene|25|dgreeneaw@pinterest.com
Martin|Brown|26|mbrownax@tinyurl.com
Antonio|Turner|30|aturneray@addthis.com
Beverly|Russell|30|brussellaz@nyu.edu
Irene|Bell|29|ibellb0@bing.com
Billy|Myers|28|bmyersb1@plala.or.jp
Roy|Jacobs|23|rjacobsb2@engadget.com
Louis|Alvarez|20|lalvarezb3@mapy.cz
Louise|Russell|20|lrussellb4@ameblo.jp
Jane|Snyder|23|jsnyderb5@clickbank.net
Katherine|Andrews|21|kandrewsb6@fotki.com
Kenneth|Johnson|27|kjohnsonb7@gizmodo.com
Brian|Anderson|26|bandersonb8@ameblo.jp
Ernest|Williamson|28|ewilliamsonb9@facebook.com
Justin|Freeman|27|jfreemanba@vinaora.com
Albert|Kim|26|akimbb@quantcast.com
Kevin|Webb|20|kwebbbc@is.gd
Willie|Washington|25|wwashingtonbd@wp.com
Karen|Berry|26|kberrybe@amazon.com
Donald|Gonzalez|27|dgonzalezbf@123-reg.co.uk
Cynthia|Perez|23|cperezbg@gravatar.com
Roger|Porter|23|rporterbh@apache.org
Kathleen|Stevens|27|kstevensbi@google.fr
Teresa|Ferguson|20|tfergusonbj@technorati.com
Annie|Wheeler|28|awheelerbk@mozilla.com
Justin|Gonzalez|25|jgonzalezbl@amazon.com
Norma|Clark|28|nclarkbm@go.com
Bobby|Elliott|22|belliottbn@tamu.edu
Patricia|Parker|23|pparkerbo@upenn.edu
Jonathan|Cooper|20|jcooperbp@nba.com
Martha|Olson|26|molsonbq@webs.com
Ruth|Howell|30|rhowellbr@tamu.edu
Amy|Mcdonald|29|amcdonaldbs@hhs.gov
George|Smith|21|gsmithbt@google.co.jp
Phillip|Price|28|ppricebu@jiathis.com
Steven|Stewart|24|sstewartbv@scientificamerican.com
Marilyn|Hamilton|29|mhamiltonbw@bing.com
Bonnie|Thompson|23|bthompsonbx@github.com
Norma|Mccoy|23|nmccoyby@tripod.com
Edward|Alvarez|22|ealvarezbz@wunderground.com
Brenda|Johnston|23|bjohnstonc0@ftc.gov
Maria|Gibson|24|mgibsonc1@latimes.com
Albert|Pierce|24|apiercec2@vimeo.com
Alan|Ramos|22|aramosc3@blinklist.com
Joshua|Black|23|jblackc4@bloomberg.com
Norma|Gomez|28|ngomezc5@scribd.com
Ruth|Morgan|30|rmorganc6@home.pl
Alice|Peterson|28|apetersonc7@hp.com
Wanda|Edwards|29|wedwardsc8@blog.com
Carl|Bradley|21|cbradleyc9@howstuffworks.com
Tammy|Hansen|24|thansenca@paypal.com
Jimmy|Gomez|23|jgomezcb@discuz.net
Jose|Robertson|22|jrobertsoncc@spotify.com
Roy|Davis|29|rdaviscd@jiathis.com
Steven|Stanley|28|sstanleyce@csmonitor.com
Denise|Mcdonald|26|dmcdonaldcf@geocities.jp
Willie|Smith|20|wsmithcg@apache.org
Clarence|Palmer|29|cpalmerch@alibaba.com
Charles|Reyes|23|creyesci@nationalgeographic.com
Andrew|Thomas|27|athomascj@fotki.com
Martin|Stevens|20|mstevensck@cnet.com
Bruce|Stewart|26|bstewartcl@tinyurl.com
Teresa|Perry|20|tperrycm@lycos.com
Judith|Mccoy|22|jmccoycn@fda.gov
Phyllis|Edwards|26|pedwardsco@walmart.com
Donna|Walker|25|dwalkercp@nhs.uk
Doris|Carpenter|24|dcarpentercq@guardian.co.uk
Andrew|Riley|27|arileycr@ebay.co.uk
Steve|Nelson|25|snelsoncs@e-recht24.de
Wanda|Carroll|27|wcarrollct@soup.io
Daniel|Rivera|24|driveracu@bing.com
Stephen|Myers|21|smyerscv@i2i.jp
Antonio|Jordan|24|ajordancw@miibeian.gov.cn
Phyllis|Lee|23|pleecx@ustream.tv
Susan|Mendoza|29|smendozacy@shutterfly.com
Rebecca|Reynolds|21|rreynoldscz@sciencedirect.com
Ann|Coleman|27|acolemand0@taobao.com
Steve|Chavez|27|schavezd1@latimes.com
Howard|Perry|22|hperryd2@cdbaby.com
Dennis|Walker|27|dwalkerd3@cdc.gov
Debra|Roberts|23|drobertsd4@printfriendly.com
Kimberly|Roberts|30|krobertsd5@cbc.ca
Juan|Ray|21|jrayd6@elpais.com
Jeremy|Palmer|28|jpalmerd7@about.com
Patricia|Cunningham|23|pcunninghamd8@joomla.org
Mary|Arnold|25|marnoldd9@fema.gov
Theresa|Harper|21|tharperda@unblog.fr
Harold|Garza|22|hgarzadb@goo.ne.jp
Randy|Gonzalez|24|rgonzalezdc@trellian.com
Janice|Knight|28|jknightdd@1und1.de
Harry|Sims|22|hsimsde@tuttocitta.it
Catherine|Harrison|27|charrisondf@naver.com
Fred|Watkins|21|fwatkinsdg@nifty.com
Harold|Ross|20|hrossdh@hhs.gov
Amanda|Hunt|22|ahuntdi@vk.com
Sarah|Martinez|24|smartinezdj@behance.net
Chris|Porter|23|cporterdk@cafepress.com
Thomas|Ellis|30|tellisdl@nba.com
Tammy|Schmidt|28|tschmidtdm@xinhuanet.com
Joan|Ray|20|jraydn@irs.gov
Johnny|Perez|22|jperezdo@yahoo.co.jp
Patricia|Cook|21|pcookdp@google.com.br
John|Payne|27|jpaynedq@rediff.com
David|Morgan|22|dmorgandr@google.pl
Craig|Weaver|22|cweaverds@wikipedia.org
Mark|Gonzalez|24|mgonzalezdt@senate.gov
Lisa|Dunn|25|ldunndu@walmart.com
Donald|Arnold|24|darnolddv@tinypic.com
Denise|Nelson|26|dnelsondw@desdev.cn
Randy|Willis|21|rwillisdx@topsy.com
Patricia|Brown|20|pbrowndy@wikispaces.com
Adam|Cunningham|26|acunninghamdz@sitemeter.com
Albert|Chavez|23|achaveze0@jiathis.com
Melissa|Baker|21|mbakere1@dion.ne.jp
Terry|Flores|24|tflorese2@rambler.ru
Lillian|Hunter|30|lhuntere3@salon.com
Jason|Powell|25|jpowelle4@ft.com
Annie|Scott|24|ascotte5@earthlink.net
Barbara|White|26|bwhitee6@constantcontact.com
Earl|Hill|23|ehille7@zdnet.com
Donald|Hernandez|26|dhernandeze8@eepurl.com
Stephanie|Morrison|22|smorrisone9@china.com.cn
William|Ray|20|wrayea@biblegateway.com
Kevin|Cruz|23|kcruzeb@g.co
Cynthia|Green|24|cgreenec@cdc.gov
Heather|Reid|26|hreided@uiuc.edu
Rebecca|Snyder|23|rsnyderee@techcrunch.com
Judith|Lane|26|jlaneef@army.mil
Eugene|Gardner|26|egardnereg@google.de
Christopher|Smith|25|csmitheh@gnu.org
Debra|Schmidt|23|dschmidtei@deliciousdays.com
Ruby|Armstrong|29|rarmstrongej@jigsy.com
Christine|Murray|25|cmurrayek@princeton.edu
Carl|Wheeler|24|cwheelerel@g.co
Philip|Tucker|27|ptuckerem@dell.com
Andrew|Cruz|28|acruzen@harvard.edu
Judith|Nguyen|28|jnguyeneo@usnews.com
Beverly|Brown|24|bbrownep@sciencedirect.com
Ruby|Reynolds|23|rreynoldseq@facebook.com
Martin|Shaw|30|mshawer@squarespace.com
Louis|Jacobs|26|ljacobses@bandcamp.com
Roy|Hunter|20|rhunteret@cdbaby.com
Dorothy|Adams|23|dadamseu@mail.ru
Louise|Griffin|30|lgriffinev@istockphoto.com
Sarah|Burke|23|sburkeew@hud.gov
Nicole|Crawford|22|ncrawfordex@blogs.com
Diane|Moreno|24|dmorenoey@blogtalkradio.com
Clarence|Alexander|22|calexanderez@skype.com
Marie|Gonzales|22|mgonzalesf0@reference.com
Catherine|Campbell|20|ccampbellf1@stanford.edu
Ernest|Jones|28|ejonesf2@comcast.net
Jimmy|Tucker|22|jtuckerf3@weebly.com
Melissa|Robertson|22|mrobertsonf4@chicagotribune.com
Kathleen|Willis|24|kwillisf5@etsy.com
Carolyn|Medina|22|cmedinaf6@i2i.jp
Lillian|James|21|ljamesf7@cocolog-nifty.com
Angela|Payne|29|apaynef8@macromedia.com
Christina|Evans|22|cevansf9@drupal.org
Alice|Stanley|25|astanleyfa@icio.us
Eugene|Flores|30|efloresfb@rambler.ru
Catherine|Alvarez|21|calvarezfc@qq.com
Jonathan|Arnold|25|jarnoldfd@rambler.ru
Nancy|Boyd|20|nboydfe@g.co
Kathy|Sanders|27|ksandersff@moonfruit.com
Jacqueline|Powell|27|jpowellfg@github.io
Julie|Murray|21|jmurrayfh@cafepress.com
Jose|Harvey|26|jharveyfi@zimbio.com
Patrick|Reed|21|preedfj@mit.edu
Lillian|Flores|22|lfloresfk@goodreads.com
Catherine|Reyes|20|creyesfl@google.co.jp
Kelly|Carroll|22|kcarrollfm@hatena.ne.jp
Katherine|Lynch|29|klynchfn@histats.com
Mildred|Mitchell|26|mmitchellfo@sitemeter.com
Jacqueline|Vasquez|28|jvasquezfp@mysql.com
Angela|Reid|27|areidfq@pagesperso-orange.fr
Ashley|Hudson|23|ahudsonfr@statcounter.com
Donna|Coleman|24|dcolemanfs@wikispaces.com
Albert|Hudson|20|ahudsonft@washington.edu
Pamela|Grant|27|pgrantfu@nyu.edu
Rebecca|Thomas|24|rthomasfv@telegraph.co.uk
Catherine|Cunningham|27|ccunninghamfw@weebly.com
Clarence|Gordon|29|cgordonfx@businesswire.com
Jerry|Carpenter|29|jcarpenterfy@examiner.com
Jean|Fields|20|jfieldsfz@canalblog.com
Joan|Ray|26|jrayg0@upenn.edu
Juan|Medina|30|jmedinag1@google.fr
Sarah|Black|21|sblackg2@ebay.com
Gregory|Kelley|29|gkelleyg3@php.net
Sarah|Ramirez|20|sramirezg4@prlog.org
Henry|Burns|22|hburnsg5@amazonaws.com
Mary|Moore|30|mmooreg6@hostgator.com
Cynthia|Vasquez|29|cvasquezg7@msu.edu
Jose|Morrison|22|jmorrisong8@dion.ne.jp
Kathryn|Thomas|29|kthomasg9@upenn.edu
Douglas|Hayes|28|dhayesga@blogger.com
Virginia|Chavez|26|vchavezgb@samsung.com
Antonio|Perry|20|aperrygc@simplemachines.org
Angela|Warren|22|awarrengd@wiley.com
Kathryn|Mccoy|23|kmccoyge@disqus.com
Gerald|Payne|29|gpaynegf@dropbox.com
Gerald|Kelley|30|gkelleygg@taobao.com
Virginia|Burke|30|vburkegh@hud.gov
Juan|Wagner|24|jwagnergi@usnews.com
David|Wagner|21|dwagnergj@aboutads.info
Carlos|Jacobs|27|cjacobsgk@etsy.com
Ernest|Ross|26|erossgl@simplemachines.org
Beverly|Stephens|25|bstephensgm@clickbank.net
Benjamin|Hanson|28|bhansongn@cam.ac.uk
Jesse|Harper|20|jharpergo@altervista.org
William|Robinson|30|wrobinsongp@360.cn
Steven|Burns|24|sburnsgq@harvard.edu
Charles|West|21|cwestgr@google.com.br
Christine|Lane|26|clanegs@craigslist.org
James|Knight|21|jknightgt@mozilla.com
Carolyn|Richards|20|crichardsgu@dion.ne.jp
Wayne|Stanley|27|wstanleygv@thetimes.co.uk
Randy|Fuller|30|rfullergw@blogtalkradio.com
Matthew|Stephens|20|mstephensgx@indiatimes.com
Adam|Rogers|28|arogersgy@thetimes.co.uk
Julia|Cole|20|jcolegz@about.me
Jesse|Larson|27|jlarsonh0@rambler.ru
Sandra|Hughes|27|shughesh1@mtv.com
Michael|Warren|24|mwarrenh2@mayoclinic.com
Ann|Day|29|adayh3@wikimedia.org
Gloria|Morgan|22|gmorganh4@t.co
Carlos|Mason|22|cmasonh5@sitemeter.com
Barbara|Davis|26|bdavish6@vkontakte.ru
Willie|Jenkins|22|wjenkinsh7@blogger.com
Ryan|Tucker|20|rtuckerh8@tripadvisor.com
Juan|Riley|29|jrileyh9@example.com
Aaron|Romero|29|aromeroha@photobucket.com
Janet|Baker|26|jbakerhb@digg.com
Ruby|Mccoy|20|rmccoyhc@cbslocal.com
Janet|Crawford|22|jcrawfordhd@myspace.com
Fred|Ward|22|fwardhe@ox.ac.uk
Theresa|Powell|25|tpowellhf@quantcast.com
Adam|Sanders|30|asandershg@columbia.edu
Victor|James|27|vjameshh@tuttocitta.it
Justin|Sims|26|jsimshi@ucoz.com
Steve|Garrett|27|sgarretthj@patch.com
William|Ross|24|wrosshk@exblog.jp
Frank|Hawkins|24|fhawkinshl@jimdo.com
Scott|Myers|27|smyershm@pagesperso-orange.fr
Denise|Wheeler|25|dwheelerhn@comsenz.com
Brenda|Reed|24|breedho@istockphoto.com
Lori|Collins|22|lcollinshp@typepad.com
Randy|Crawford|22|rcrawfordhq@deviantart.com
Sean|Nichols|28|snicholshr@mac.com
Alice|Mccoy|24|amccoyhs@bbb.org
Carol|Long|25|clonght@cornell.edu
Ruby|Burton|28|rburtonhu@ameblo.jp
Wanda|Carter|29|wcarterhv@nydailynews.com
Emily|Ford|28|efordhw@umich.edu
Brandon|Grant|24|bgranthx@example.com
Todd|Gonzalez|25|tgonzalezhy@virginia.edu
Carl|Nelson|28|cnelsonhz@so-net.ne.jp
Bruce|Brown|28|bbrowni0@vinaora.com
Jean|Morgan|30|jmorgani1@census.gov
Matthew|Knight|24|mknighti2@dropbox.com
Eugene|Ortiz|29|eortizi3@list-manage.com
Kathleen|Wright|23|kwrighti4@mail.ru
Louise|Hawkins|22|lhawkinsi5@fastcompany.com
Sandra|Holmes|21|sholmesi6@etsy.com
Louis|Armstrong|25|larmstrongi7@miitbeian.gov.cn
Russell|Jackson|22|rjacksoni8@cisco.com
James|Frazier|29|jfrazieri9@last.fm
Frances|Howard|30|fhowardia@opera.com
Denise|Hansen|24|dhansenib@fotki.com
John|Murray|25|jmurrayic@soundcloud.com
Diana|Sanchez|25|dsanchezid@soundcloud.com
Margaret|Arnold|28|marnoldie@uol.com.br
Julia|Armstrong|24|jarmstrongif@java.com
Thomas|Johnston|23|tjohnstonig@ezinearticles.com
Chris|Armstrong|28|carmstrongih@cocolog-nifty.com
Amanda|Andrews|26|aandrewsii@exblog.jp
Harry|Martin|23|hmartinij@arstechnica.com
Tina|Garrett|30|tgarrettik@networksolutions.com
Diane|Murphy|21|dmurphyil@homestead.com
Anna|Dean|28|adeanim@ox.ac.uk
Jose|Bishop|24|jbishopin@bandcamp.com
Phyllis|Gray|25|pgrayio@facebook.com
Paul|Garcia|26|pgarciaip@ifeng.com
Diane|Morris|26|dmorrisiq@bigcartel.com
Kimberly|Barnes|23|kbarnesir@newsvine.com
Adam|Brooks|26|abrooksis@loc.gov
Philip|Hall|23|phallit@bbb.org
Johnny|Mills|23|jmillsiu@friendfeed.com
Stephanie|Harrison|22|sharrisoniv@nasa.gov
Gregory|Fox|21|gfoxiw@whitehouse.gov
Katherine|Mitchell|25|kmitchellix@friendfeed.com
Frances|Ferguson|28|ffergusoniy@wsj.com
Patricia|Clark|29|pclarkiz@artisteer.com
Douglas|Lee|24|dleej0@marriott.com
Martha|Hunt|20|mhuntj1@cornell.edu
Brian|Collins|29|bcollinsj2@woothemes.com
Gary|Palmer|29|gpalmerj3@java.com
Evelyn|Fuller|26|efullerj4@geocities.jp
Patricia|Mendoza|29|pmendozaj5@a8.net
Ryan|Knight|28|rknightj6@umn.edu
Justin|George|26|jgeorgej7@netlog.com
Nicholas|Dixon|25|ndixonj8@github.io
Alice|Hart|22|ahartj9@vk.com
Michael|Reid|20|mreidja@nba.com
Roger|Wallace|24|rwallacejb@tiny.cc
Patrick|Patterson|26|ppattersonjc@rediff.com
Tammy|Ellis|22|tellisjd@illinois.edu
Jack|Long|23|jlongje@cmu.edu
Chris|Harris|21|charrisjf@hugedomains.com
Margaret|Ross|27|mrossjg@plala.or.jp
Mildred|Franklin|26|mfranklinjh@google.com
Eugene|Tucker|23|etuckerji@behance.net
David|Hernandez|22|dhernandezjj@uol.com.br
Nicholas|Myers|24|nmyersjk@so-net.ne.jp
Shawn|Gomez|22|sgomezjl@hubpages.com
Paula|Nelson|26|pnelsonjm@theglobeandmail.com
Raymond|Gordon|25|rgordonjn@tumblr.com
Sean|Simmons|22|ssimmonsjo@squarespace.com
Christina|Morris|20|cmorrisjp@so-net.ne.jp
Carlos|Turner|24|cturnerjq@amazon.com
Judy|Scott|24|jscottjr@toplist.cz
Louise|Tucker|29|ltuckerjs@ow.ly
Billy|Henry|21|bhenryjt@exblog.jp
Willie|Tucker|25|wtuckerju@bbc.co.uk
Norma|Gray|26|ngrayjv@yellowpages.com
Debra|Phillips|20|dphillipsjw@alexa.com
Rachel|Carter|22|rcarterjx@oracle.com
Kathryn|Arnold|25|karnoldjy@seattletimes.com
Willie|Carpenter|26|wcarpenterjz@soundcloud.com
Tina|Daniels|21|tdanielsk0@g.co
Paula|James|20|pjamesk1@google.ru
Christina|Scott|26|cscottk2@reddit.com
Nicole|Fisher|23|nfisherk3@skyrock.com
Mary|Washington|26|mwashingtonk4@unesco.org
Mark|Frazier|27|mfrazierk5@macromedia.com
Barbara|Nguyen|25|bnguyenk6@flickr.com
Frances|Garza|24|fgarzak7@meetup.com
Cheryl|Gordon|25|cgordonk8@issuu.com
Johnny|Rose|29|jrosek9@fda.gov
Alan|Fernandez|29|afernandezka@amazon.com
Evelyn|Howell|29|ehowellkb@nih.gov
George|Stephens|29|gstephenskc@networksolutions.com
Philip|Davis|30|pdaviskd@soup.io
Ernest|Reed|27|ereedke@army.mil
Chris|Richardson|26|crichardsonkf@mysql.com
Wanda|Perkins|20|wperkinskg@cbsnews.com
Andrew|Alvarez|23|aalvarezkh@altervista.org
Bobby|Matthews|24|bmatthewski@mlb.com
Samuel|Thompson|22|sthompsonkj@gizmodo.com
Diane|Perez|22|dperezkk@ucsd.edu
Phillip|Williamson|21|pwilliamsonkl@washington.edu
Denise|Gardner|30|dgardnerkm@devhub.com
Betty|Griffin|27|bgriffinkn@newsvine.com
Brenda|Campbell|23|bcampbellko@yellowpages.com
Bobby|Jordan|22|bjordankp@paypal.com
David|Murphy|26|dmurphykq@cisco.com
Jack|Crawford|22|jcrawfordkr@dailymotion.com
Rachel|Austin|24|raustinks@examiner.com
Linda|Griffin|28|lgriffinkt@infoseek.co.jp
Ryan|Shaw|25|rshawku@epa.gov
Heather|Pierce|30|hpiercekv@wordpress.com
Lois|Phillips|27|lphillipskw@sciencedirect.com
John|Burton|24|jburtonkx@baidu.com
Nicholas|Thomas|29|nthomasky@xing.com
Scott|Murray|21|smurraykz@opera.com
Todd|Gomez|23|tgomezl0@prlog.org
Steven|Alvarez|22|salvarezl1@example.com
Dorothy|Jacobs|23|djacobsl2@hhs.gov
Roger|Foster|21|rfosterl3@stanford.edu
Laura|Morrison|23|lmorrisonl4@time.com
Carolyn|Hamilton|26|chamiltonl5@photobucket.com
Katherine|Mills|27|kmillsl6@comcast.net
Daniel|Moore|26|dmoorel7@soundcloud.com
Anne|Wallace|26|awallacel8@home.pl
Stephen|Woods|27|swoodsl9@360.cn
Joan|Fields|24|jfieldsla@umich.edu
Fred|Griffin|22|fgriffinlb@joomla.org
Earl|Dunn|27|edunnlc@dmoz.org
Carlos|Reid|30|creidld@phoca.cz
Kimberly|Clark|20|kclarkle@booking.com
Samuel|Jordan|30|sjordanlf@fastcompany.com
Victor|Stewart|20|vstewartlg@stumbleupon.com
Doris|Riley|24|drileylh@shutterfly.com
Donald|Campbell|21|dcampbellli@devhub.com
Martin|Greene|21|mgreenelj@alexa.com
Mary|Cooper|27|mcooperlk@skyrock.com
Wayne|Harvey|23|wharveyll@cnn.com
Doris|Nelson|29|dnelsonlm@xrea.com
Rachel|Payne|22|rpayneln@cdc.gov
Rachel|Howard|25|rhowardlo@list-manage.com
Joe|Romero|24|jromerolp@dell.com
Eugene|Warren|23|ewarrenlq@google.pl
Irene|Garcia|28|igarcialr@weibo.com
Lois|Alvarez|24|lalvarezls@biglobe.ne.jp
Laura|Carr|29|lcarrlt@prnewswire.com
Kathy|Owens|26|kowenslu@51.la
Larry|Mccoy|30|lmccoylv@examiner.com
Diane|Ray|20|draylw@tinypic.com
Lisa|Jackson|25|ljacksonlx@salon.com
Diana|Hudson|24|dhudsonly@themeforest.net
Lori|Moore|27|lmoorelz@purevolume.com
Ruth|Howell|23|rhowellm0@woothemes.com
Anne|Sullivan|28|asullivanm1@odnoklassniki.ru
Daniel|Black|28|dblackm2@squarespace.com
Paula|Morrison|23|pmorrisonm3@pcworld.com
Jack|Snyder|27|jsnyderm4@prweb.com
Jason|Fowler|23|jfowlerm5@canalblog.com
Billy|Hall|21|bhallm6@ft.com
Anne|Watson|25|awatsonm7@ehow.com
Gregory|Burke|21|gburkem8@ihg.com
Clarence|Hicks|24|chicksm9@deviantart.com
Marie|Romero|28|mromeroma@networksolutions.com
Karen|James|24|kjamesmb@wikipedia.org
Wayne|Perez|20|wperezmc@wired.com
Deborah|Hawkins|29|dhawkinsmd@tiny.cc
Ernest|Smith|29|esmithme@vistaprint.com
Bruce|Sanchez|27|bsanchezmf@constantcontact.com
Amy|Wilson|22|awilsonmg@multiply.com
Teresa|Johnston|26|tjohnstonmh@shinystat.com
Anne|Wheeler|27|awheelermi@jimdo.com
Irene|Powell|30|ipowellmj@meetup.com
Ruby|Howard|27|rhowardmk@a8.net
Alan|Chapman|25|achapmanml@tinyurl.com
Kathryn|Brooks|26|kbrooksmm@sphinn.com
Angela|Burton|30|aburtonmn@forbes.com
Nicholas|Butler|26|nbutlermo@people.com.cn
Debra|Brooks|28|dbrooksmp@icq.com
Sean|Adams|29|sadamsmq@simplemachines.org
Thomas|Powell|29|tpowellmr@mashable.com
Deborah|Diaz|28|ddiazms@4shared.com
Barbara|Owens|20|bowensmt@prnewswire.com
Dennis|Allen|21|dallenmu@pbs.org
Richard|Palmer|30|rpalmermv@edublogs.org
Samuel|Hayes|22|shayesmw@uiuc.edu
Kenneth|Ford|21|kfordmx@noaa.gov
Scott|Evans|29|sevansmy@smh.com.au
Jane|Simpson|21|jsimpsonmz@statcounter.com
Martha|Wright|30|mwrightn0@sciencedirect.com
Melissa|Cooper|20|mcoopern1@csmonitor.com
Elizabeth|Lewis|28|elewisn2@house.gov
Todd|Vasquez|24|tvasquezn3@about.com
Julie|Carpenter|26|jcarpentern4@npr.org
Tammy|Gordon|22|tgordonn5@umn.edu
Todd|Bradley|28|tbradleyn6@tumblr.com
Joe|Ellis|30|jellisn7@java.com
Keith|Hawkins|29|khawkinsn8@123-reg.co.uk
Tina|James|24|tjamesn9@spotify.com
Lois|Woods|27|lwoodsna@china.com.cn
Jesse|Boyd|27|jboydnb@hp.com
Philip|Gutierrez|21|pgutierreznc@webeden.co.uk
Matthew|Carter|24|mcarternd@ft.com
Raymond|Kelley|30|rkelleyne@sakura.ne.jp
William|Hansen|22|whansennf@hugedomains.com
Jennifer|Rogers|26|jrogersng@weather.com
Earl|Adams|24|eadamsnh@tumblr.com
Steven|Bishop|24|sbishopni@wikipedia.org
Harold|Phillips|28|hphillipsnj@un.org
Samuel|Torres|22|storresnk@wsj.com
Melissa|Burton|28|mburtonnl@pagesperso-orange.fr
Terry|Little|21|tlittlenm@posterous.com
Willie|Riley|25|wrileynn@nymag.com
Melissa|Wilson|25|mwilsonno@nih.gov
Sarah|Schmidt|23|sschmidtnp@over-blog.com
Wanda|Henry|25|whenrynq@vistaprint.com
Alice|Gonzalez|23|agonzaleznr@salon.com
Kathy|Edwards|24|kedwardsns@home.pl
Carol|Martin|22|cmartinnt@ameblo.jp
Jimmy|Johnston|25|jjohnstonnu@lycos.com
Ashley|Wallace|26|awallacenv@sciencedirect.com
Irene|Morales|24|imoralesnw@oaic.gov.au
Larry|Hughes|29|lhughesnx@epa.gov
Joyce|Henderson|21|jhendersonny@twitpic.com
Cynthia|Morris|29|cmorrisnz@clickbank.net
Larry|Hill|24|lhillo0@gizmodo.com
Walter|Sullivan|20|wsullivano1@indiatimes.com
Martha|Romero|23|mromeroo2@acquirethisname.com
Juan|Hughes|30|jhugheso3@ehow.com
Nicholas|Pierce|22|npierceo4@symantec.com
Antonio|Rivera|27|ariverao5@hostgator.com
Jessica|Nichols|26|jnicholso6@gizmodo.com
Juan|Ferguson|30|jfergusono7@cloudflare.com
Ashley|Martinez|30|amartinezo8@clickbank.net
Lillian|Alvarez|29|lalvarezo9@illinois.edu
Kathryn|Bell|25|kbelloa@reference.com
Kenneth|Ruiz|29|kruizob@virginia.edu
Irene|Miller|27|imilleroc@alexa.com
Anne|Olson|29|aolsonod@examiner.com
Doris|Bryant|28|dbryantoe@illinois.edu
Eric|Parker|26|eparkerof@indiatimes.com
Jesse|Wallace|22|jwallaceog@who.int
Daniel|Black|23|dblackoh@ebay.co.uk
Ralph|Owens|30|rowensoi@nbcnews.com
Joyce|Bowman|28|jbowmanoj@va.gov
Roger|Webb|30|rwebbok@tinypic.com
Howard|Wilson|25|hwilsonol@flavors.me
Heather|Henry|21|hhenryom@senate.gov
Betty|Gonzalez|24|bgonzalezon@springer.com
Sharon|Montgomery|20|smontgomeryoo@taobao.com
Kathryn|Lopez|20|klopezop@nifty.com
Kenneth|Sanchez|21|ksanchezoq@dyndns.org
Jason|James|23|jjamesor@nbcnews.com
Brenda|Thompson|30|bthompsonos@amazon.de
Benjamin|Adams|29|badamsot@netvibes.com
Scott|Jenkins|21|sjenkinsou@networksolutions.com
Joe|Pierce|28|jpierceov@sphinn.com
Brandon|Stevens|27|bstevensow@stanford.edu
Christine|Rodriguez|26|crodriguezox@xrea.com
Diana|Hernandez|30|dhernandezoy@gov.uk
Helen|Black|26|hblackoz@weebly.com
Raymond|Green|22|rgreenp0@yolasite.com
Donald|Robertson|25|drobertsonp1@seattletimes.com
Alice|Garcia|29|agarciap2@usnews.com
Jimmy|Price|28|jpricep3@360.cn
Brandon|Moreno|20|bmorenop4@reference.com
William|Stevens|25|wstevensp5@bizjournals.com
Jeremy|Harvey|23|jharveyp6@java.com
Chris|Holmes|23|cholmesp7@upenn.edu
Douglas|Larson|22|dlarsonp8@pcworld.com
Jack|Reyes|22|jreyesp9@europa.eu
Bonnie|Wells|26|bwellspa@storify.com
Charles|Dixon|28|cdixonpb@jugem.jp
Paula|Carroll|28|pcarrollpc@constantcontact.com
Harold|Snyder|20|hsnyderpd@amazon.com
Roger|Ramirez|24|rramirezpe@wordpress.org
Timothy|Davis|25|tdavispf@t.co
Wanda|Gutierrez|20|wgutierrezpg@domainmarket.com
Michelle|Chapman|21|mchapmanph@discuz.net
Philip|Hamilton|30|phamiltonpi@ask.com
George|Bailey|30|gbaileypj@hostgator.com
Rachel|Duncan|21|rduncanpk@usatoday.com
Kathy|Adams|25|kadamspl@sun.com
Matthew|Kelley|28|mkelleypm@123-reg.co.uk
Ernest|Burke|30|eburkepn@yelp.com
Betty|Barnes|30|bbarnespo@dagondesign.com
Dorothy|Ramirez|28|dramirezpp@friendfeed.com
Daniel|Kim|30|dkimpq@umich.edu
Chris|Bennett|20|cbennettpr@state.gov
Helen|Price|27|hpriceps@wikipedia.org
Jesse|Jackson|28|jjacksonpt@soup.io
Judy|White|29|jwhitepu@facebook.com
Jacqueline|Martinez|26|jmartinezpv@weibo.com
Lori|Perry|29|lperrypw@tamu.edu
Walter|Burke|28|wburkepx@census.gov
Kathryn|Montgomery|21|kmontgomerypy@engadget.com
Carl|Stone|24|cstonepz@cdc.gov
Irene|Sims|25|isimsq0@sciencedirect.com
Beverly|Alexander|25|balexanderq1@blog.com
Thomas|Dixon|22|tdixonq2@nytimes.com
Paula|Harris|22|pharrisq3@about.me
Wayne|James|24|wjamesq4@youtu.be
Jerry|Scott|21|jscottq5@exblog.jp
Douglas|Adams|30|dadamsq6@noaa.gov
Thomas|Johnson|22|tjohnsonq7@mit.edu
Johnny|Hughes|30|jhughesq8@symantec.com
Janet|Stewart|24|jstewartq9@cpanel.net
Bobby|Cooper|21|bcooperqa@surveymonkey.com
Margaret|Ray|23|mrayqb@over-blog.com
Matthew|Matthews|25|mmatthewsqc@yelp.com
Jimmy|Cooper|29|jcooperqd@hao123.com
Kimberly|Torres|23|ktorresqe@plala.or.jp
Kelly|Wheeler|29|kwheelerqf@nih.gov
Howard|Nelson|29|hnelsonqg@slate.com
Marie|Sullivan|26|msullivanqh@ucsd.edu
Joan|Scott|20|jscottqi@friendfeed.com
Rachel|Andrews|26|randrewsqj@squidoo.com
Laura|Ray|27|lrayqk@liveinternet.ru
Jeremy|Carpenter|27|jcarpenterql@sourceforge.net
Jason|Hicks|20|jhicksqm@nyu.edu
Phyllis|Larson|24|plarsonqn@people.com.cn
Heather|Bailey|30|hbaileyqo@yellowbook.com
Juan|Parker|30|jparkerqp@google.ru
Scott|Fowler|27|sfowlerqq@reddit.com
Heather|Campbell|23|hcampbellqr@mlb.com
Aaron|Gomez|22|agomezqs@nih.gov
Christopher|Stanley|22|cstanleyqt@accuweather.com
Frances|Carroll|20|fcarrollqu@purevolume.com
Kenneth|Lane|25|klaneqv@utexas.edu
Chris|Woods|24|cwoodsqw@opensource.org
Norma|Campbell|24|ncampbellqx@netvibes.com
Ralph|Clark|27|rclarkqy@unc.edu
Frank|Simpson|24|fsimpsonqz@mlb.com
Denise|Peters|27|dpetersr0@live.com
Catherine|Mason|26|cmasonr1@adobe.com
Susan|Holmes|29|sholmesr2@jugem.jp
Kenneth|Bradley|21|kbradleyr3@army.mil
Jerry|Little|22|jlittler4@infoseek.co.jp
Jennifer|Burns|29|jburnsr5@de.vu
Jeffrey|Gibson|29|jgibsonr6@issuu.com
Carolyn|Garrett|21|cgarrettr7@4shared.com
Donna|Reid|28|dreidr8@clickbank.net
Sara|Berry|23|sberryr9@webmd.com
Larry|Bryant|23|lbryantra@reddit.com
Thomas|Moreno|21|tmorenorb@patch.com
Ronald|Cole|22|rcolerc@dell.com
Kelly|Flores|28|kfloresrd@nba.com
Shawn|Fernandez|28|sfernandezre@ameblo.jp
Todd|Burton|26|tburtonrf@addtoany.com
Marie|Mason|28|mmasonrg@unesco.org
Larry|Graham|28|lgrahamrh@furl.net
Roger|Willis|30|rwillisri@geocities.jp
Robert|Price|29|rpricerj@netvibes.com
Ashley|Reynolds|27|areynoldsrk@github.com
Kimberly|White|26|kwhiterl@rakuten.co.jp
Nicole|Ramirez|27|nramirezrm@timesonline.co.uk
Katherine|Pierce|20|kpiercern@vinaora.com
Michael|Howard|20|mhowardro@loc.gov
Eric|Hunter|21|ehunterrp@linkedin.com
Anna|Miller|20|amillerrq@skype.com
Carlos|George|27|cgeorgerr@netvibes.com
